id;user_id;status;name;receiver_name;phone;receiver_phone;email;address;discount;note;create_date;create_by;last_modified_date;last_modified_by
1;25734;cyan Sports Oregon;Rustic program;Villages bi-directional;(270) 317-5349;Cambridgeshire orange;Niko.Skiles@hotmail.com;Money Cheese bus;1414;lime Texas SCSI;2022-02-25T03:50:31;portals Pants;2022-02-25T23:56:54;communities
2;2436;Fantastic Future sexy;impactful;Borders;(581) 851-4468 x534;olive Functionality Assistant;Elza.Schumm@gmail.com;Internal Divide Fantastic;3078;Unbranded;2022-02-25T08:33:29;capacity Loan;2022-02-25T17:01:19;bricks-and-clicks Unbranded
3;9206;architectures compress;Mouse;Toys;779-682-9764;Granite Spurs;Shawna90@yahoo.com;revolutionize;52427;navigating;2022-02-25T11:05:49;Music Computer Granite;2022-02-25T11:29:59;Auto
4;74783;Focused;Lebanon Nevada;deliver;1-651-479-6779;Steel back;Jefferey.Skiles66@yahoo.com;Avon target;66302;initiatives;2022-02-25T16:40:23;Assurance override;2022-02-25T17:18:50;5th implementation
5;89631;Loan;Mouse 1080p Technician;Borders back-end;201-638-4864;Loan;Ed.Bartell80@yahoo.com;Handmade;38508;client-server;2022-02-25T15:46:03;Steel;2022-02-25T07:30:17;Arkansas users Avon
6;38005;Thailand payment impactful;CSS;Persistent Granite Incredible;707.798.1584 x5822;Car;Jarred.Swift5@yahoo.com;mindshare;58176;Tuna Global;2022-02-25T12:30:30;metrics repurpose Home;2022-02-25T11:16:10;overriding Avon Niue
7;48711;up reboot;generating synthesize Polynesia;Card Research;(398) 788-9622;silver;Ruthe_Gutmann@yahoo.com;Mount Agent;79069;Account Fantastic;2022-02-25T07:26:41;Oval incremental parsing;2022-02-25T03:00:41;Jamahiriya Ameliorated azure
8;16171;Branding;Car;Investment Fresh haptic;411.863.4043;Account;Jazlyn_Botsford25@hotmail.com;Account parsing;49591;Shoes;2022-02-25T14:37:01;Web bluetooth;2022-02-25T13:04:34;Industrial Pitcairn
9;65725;Monitored synthesize;Buckinghamshire Saint;microchip;503-266-0479 x17658;override transition;Jasmin.Turner96@gmail.com;Borders compressing;42944;Towels;2022-02-25T18:27:17;wireless turquoise Licensed;2022-02-25T04:37:08;HTTP Automotive quantify
10;99617;Human Beauty Naira;auxiliary Keyboard Kids;optical;1-744-997-3756 x268;hierarchy Optimization capacitor;Sam_Pollich@gmail.com;Cheese;44301;Avon;2022-02-25T02:34:42;Florida;2022-02-26T01:40:20;payment quantifying Pa'anga
